<?xml version="1.0" encoding="UTF-8" standalone="yes"?>
<assembly xmlns="urn:schemas-microsoft-com:asm.v1" manifestVersion="1.0">
  <assemblyIdentity  
    type="win32"
    processorArchitecture="X86"
    name="ZMConfig"
    version="1.79.10.24" />
    <description>TZipMaster tool</description>
 <dependency>
   <dependentAssembly>
     <assemblyIdentity
       type="win32"
       name="Microsoft.Windows.Common-Controls"
       version="6.0.0.0"
       processorArchitecture="X86"
       publicKeyToken="6595b64144ccf1df"
       language="*"/>
   </dependentAssembly>
 </dependency>
<trustInfo xmlns="urn:schemas-microsoft-com:asm.v3">
  <security>
    <requestedPrivileges>
      <requestedExecutionLevel level="asInvoker"  uiAccess="false"/>
  </requestedPrivileges>
  </security>
</trustInfo>
</assembly>
 
